Cell line,TCGA classification,Tissue,Tissue sub-type,IC50,AUC
ATN-1,ALL,blood,lymphoblastic_T_cell_leukaemia,0.06909,0.286688
JVM-3,CLL,blood,lymphoid_neoplasm_other,0.108196,0.356713
KE-37,ALL,blood,lymphoblastic_leukemia,0.121196,0.363979
A4-Fuk,DLBC,blood,B_cell_lymphoma,0.125776,0.37064
ACHN,KIRC,kidney,kidney,0.132268,0.402928
KARPAS-231,UNCLASSIFIED,blood,B_cell_leukemia,0.13707,0.37916
MOLM-13,LAML,blood,acute_myeloid_leukaemia,0.13887,0.383649
JVM-2,CLL,blood,lymphoid_neoplasm_other,0.142198,0.401389
JURL-MK1,LCML,blood,chronic_myeloid_leukaemia,0.15414,0.398859
KELLY,NB,nervous_system,neuroblastoma,0.15788,0.40292
697,UNCLASSIFIED,blood,lymphoblastic_leukemia,0.165058,0.408122
DEL,UNCLASSIFIED,blood,lymphoid_neoplasm_other,0.166186,0.409033
BE-13,ALL,blood,lymphoblastic_leukemia,0.169821,0.415335
BALL-1,UNCLASSIFIED,blood,B_cell_leukemia,0.172172,0.414989
MOLT-16,ALL,blood,lymphoblastic_T_cell_leukaemia,0.174012,0.413794
RPMI-8402,ALL,blood,lymphoblastic_T_cell_leukaemia,0.1873,0.426438
CCRF-CEM,ALL,blood,lymphoblastic_leukemia,0.190227,0.427166
A3-KAW,DLBC,blood,B_cell_lymphoma,0.201144,0.435743
BV-173,LCML,blood,chronic_myeloid_leukaemia,0.201752,0.4372
RH-1,UNCLASSIFIED,soft_tissue,rhabdomyosarcoma,0.203382,0.437971
SR,UNCLASSIFIED,blood,lymphoid_neoplasm_other,0.209688,0.441719
NCI-H847,SCLC,lung,lung_small_cell_carcinoma,0.213181,0.445445
LOUCY,ALL,blood,lymphoblastic_T_cell_leukaemia,0.226873,0.453422
NCI-H322M,LUAD,lung,lung_NSCLC_adenocarcinoma,0.22734,0.462889
PF-382,ALL,blood,lymphoblastic_T_cell_leukaemia,0.229411,0.456856
KY821,LAML,blood,leukemia,0.232049,0.456424
NCI-H64,SCLC,lung,lung_small_cell_carcinoma,0.232773,0.464749
ARH-77,MM,blood,myeloma,0.236594,0.459755
P32-ISH,UNCLASSIFIED,blood,Burkitt_lymphoma,0.238535,0.459422
SUP-M2,UNCLASSIFIED,blood,anaplastic_large_cell_lymphoma,0.239434,0.459776
KARPAS-299,UNCLASSIFIED,blood,anaplastic_large_cell_lymphoma,0.242542,0.463305
SF539,LGG,nervous_system,glioma,0.248273,0.466927
NCI-H1417,SCLC,lung,lung_small_cell_carcinoma,0.251354,0.469515
NCI-H1703,UNCLASSIFIED,lung,lung_NSCLC_adenocarcinoma,0.253392,0.472829
HC-1,UNCLASSIFIED,blood,hairy_cell_leukaemia,0.257013,0.470581
NOMO-1,LAML,blood,acute_myeloid_leukaemia,0.268717,0.477705
L-428,UNCLASSIFIED,blood,Hodgkin_lymphoma,0.268943,0.477692
P31-FUJ,LAML,blood,acute_myeloid_leukaemia,0.271072,0.47935
ST486,UNCLASSIFIED,blood,Burkitt_lymphoma,0.274628,0.480273
Hs-445,UNCLASSIFIED,blood,Hodgkin_lymphoma,0.274798,0.481056
ES1,UNCLASSIFIED,bone,ewings_sarcoma,0.277556,0.48274
SK-N-DZ,NB,nervous_system,neuroblastoma,0.282925,0.485905
IGROV-1,OV,urogenital_system,ovary,0.28333,0.487149
EoL-1-cell,UNCLASSIFIED,blood,haematopoietic_neoplasm_other,0.285053,0.485207
L-540,UNCLASSIFIED,blood,Hodgkin_lymphoma,0.28776,0.486757
BL-41,UNCLASSIFIED,blood,Burkitt_lymphoma,0.290034,0.487445
NAMALWA,UNCLASSIFIED,blood,Burkitt_lymphoma,0.291265,0.488537
NCI-H209,SCLC,lung,lung_small_cell_carcinoma,0.29382,0.490067
CESS,LAML,blood,acute_myeloid_leukaemia,0.293831,0.490174
SK-GT-2,STAD,digestive_system,stomach,0.294474,0.490735
IM-9,MM,blood,myeloma,0.298845,0.491872
EW-1,UNCLASSIFIED,bone,ewings_sarcoma,0.299629,0.492668
JSC-1,DLBC,blood,B_cell_lymphoma,0.305348,0.495209
NCI-H1876,SCLC,lung,lung_small_cell_carcinoma,0.309401,0.497132
SU-DHL-8,DLBC,blood,B_cell_lymphoma,0.311546,0.497804
P12-ICHIKAWA,ALL,blood,lymphoblastic_T_cell_leukaemia,0.31635,0.500017
SU-DHL-5,DLBC,blood,B_cell_lymphoma,0.316767,0.500208
EPLC-272H,LUSC,lung,lung_NSCLC_squamous_cell_carcinoma,0.318162,0.500705
HARA,LUSC,lung,lung_NSCLC_squamous_cell_carcinoma,0.318884,0.501058
KARPAS-45,ALL,blood,lymphoblastic_leukemia,0.322815,0.502878
KYM-1,UNCLASSIFIED,soft_tissue,rhabdomyosarcoma,0.327732,0.504919
COLO-320-HSR,COREAD,digestive_system,large_intestine,0.329361,0.507144
DND-41,ALL,blood,T_cell_leukemia,0.329464,0.505787
EM-2,LCML,blood,chronic_myeloid_leukaemia,0.334273,0.507532
TK,DLBC,blood,B_cell_lymphoma,0.334708,0.507934
MC-CAR,MM,blood,haematopoietic_neoplasm_other,0.335403,0.508192
HSC-39,STAD,digestive_system,stomach,0.335976,0.508573
MEG-01,LCML,blood,chronic_myeloid_leukaemia,0.33707,0.50868
EJM,MM,blood,lymphoid_neoplasm_other,0.337088,0.508538
CTV-1,LAML,blood,acute_myeloid_leukaemia,0.33748,0.509277
ML-2,LAML,blood,acute_myeloid_leukaemia,0.341647,0.510925
WIL2-NS,UNCLASSIFIED,blood,lymphoid_neoplasm_other,0.34625,0.512636
GA-10,UNCLASSIFIED,blood,Burkitt_lymphoma,0.348785,0.51352
LAMA-84,LCML,blood,chronic_myeloid_leukaemia,0.349436,0.514149
OCI-M1,LAML,blood,acute_myeloid_leukaemia,0.350119,0.514187
RPMI-6666,UNCLASSIFIED,blood,Hodgkin_lymphoma,0.351383,0.514173
SK-ES-1,UNCLASSIFIED,bone,ewings_sarcoma,0.352367,0.514488
BC-1,DLBC,blood,B_cell_lymphoma,0.359189,0.517766
LC4-1,ALL,blood,lymphoblastic_leukemia,0.368757,0.521364
TGBC11TKB,STAD,digestive_system,stomach,0.369528,0.520096
HT-29,COREAD,digestive_system,large_intestine,0.372056,0.52011
D-283MED,MB,nervous_system,medulloblastoma,0.372619,0.522524
MOLT-13,ALL,blood,lymphoblastic_T_cell_leukaemia,0.373137,0.523036
KMS-12-BM,MM,blood,myeloma,0.373794,0.523673
C-33-A,CESC,urogenital_system,cervix,0.376061,0.521333
Jurkat,ALL,blood,T_cell_leukemia,0.380115,0.525866
L-1236,UNCLASSIFIED,blood,Hodgkin_lymphoma,0.381527,0.525784
NCCIT,-,urogenital_system,testis,0.38649,0.52716
MV-4-11,UNCLASSIFIED,blood,leukemia,0.389178,0.529746
KU812,LCML,blood,chronic_myeloid_leukaemia,0.390291,0.529169
KM-H2,UNCLASSIFIED,blood,Hodgkin_lymphoma,0.390306,0.528413
MLMA,UNCLASSIFIED,blood,hairy_cell_leukaemia,0.392659,0.529767
L-363,MM,blood,myeloma,0.394633,0.53107
EW-7,UNCLASSIFIED,bone,ewings_sarcoma,0.396151,0.530467
RPMI-8866,LCML,blood,chronic_myeloid_leukaemia,0.401645,0.533834
WSU-NHL,UNCLASSIFIED,blood,lymphoid_neoplasm_other,0.402254,0.533794
NCI-H2452,MESO,lung,mesothelioma,0.402304,0.525466
SIMA,NB,nervous_system,neuroblastoma,0.403974,0.530613
IST-SL2,SCLC,lung,lung_small_cell_carcinoma,0.405373,0.532163
CCK-81,COREAD,digestive_system,large_intestine,0.406732,0.534207
EB2,UNCLASSIFIED,blood,Burkitt_lymphoma,0.412257,0.53379
KM12,COREAD,digestive_system,large_intestine,0.413022,0.534819
GRANTA-519,DLBC,blood,B_cell_lymphoma,0.414032,0.533129
VAL,DLBC,blood,B_cell_lymphoma,0.414317,0.537279
RH-41,UNCLASSIFIED,soft_tissue,rhabdomyosarcoma,0.420029,0.538291
KP-N-YN,NB,nervous_system,neuroblastoma,0.421904,0.534908
SUP-HD1,UNCLASSIFIED,blood,Hodgkin_lymphoma,0.42398,0.536079
NALM-6,UNCLASSIFIED,blood,B_cell_leukemia,0.426451,0.541994
BICR10,HNSC,aero_digestive_tract,head_and_neck,0.427662,0.53529
MONO-MAC-6,LAML,blood,acute_myeloid_leukaemia,0.432721,0.543261
TUR,DLBC,blood,B_cell_lymphoma,0.434904,0.545703
M14,SKCM,skin,melanoma,0.43724,0.539417
MM1S,MM,blood,myeloma,0.440873,0.547137
NCI-H446,SCLC,lung,lung_small_cell_carcinoma,0.441192,0.543806
JiyoyeP-2003,UNCLASSIFIED,blood,Burkitt_lymphoma,0.443549,0.545339
SJRH30,UNCLASSIFIED,soft_tissue,rhabdomyosarcoma,0.44363,0.545569
H4,LGG,nervous_system,glioma,0.445007,0.545763
NB14,NB,nervous_system,neuroblastoma,0.446632,0.547624
LoVo,COREAD,digestive_system,large_intestine,0.448318,0.542273
SCC-3,DLBC,blood,B_cell_lymphoma,0.453333,0.550864
LS-513,COREAD,digestive_system,large_intestine,0.456541,0.547075
LC-1-sq,LUSC,lung,lung_NSCLC_squamous_cell_carcinoma,0.458003,0.545739
KOPN-8,UNCLASSIFIED,blood,B_cell_leukemia,0.459723,0.552846
KMOE-2,LAML,blood,acute_myeloid_leukaemia,0.46179,0.551897
CHP-212,NB,nervous_system,neuroblastoma,0.462733,0.547903
PC-14,LUAD,lung,lung_NSCLC_adenocarcinoma,0.465835,0.543306
U-698-M,UNCLASSIFIED,blood,B_cell_leukemia,0.469853,0.554426
SU-DHL-10,DLBC,blood,B_cell_lymphoma,0.47048,0.556943
COR-L23,UNCLASSIFIED,lung,lung_NSCLC_large_cell,0.473704,0.545462
Daoy,MB,nervous_system,medulloblastoma,0.473983,0.55419
769-P,KIRC,kidney,kidney,0.475737,0.550453
MOLT-4,ALL,blood,lymphoblastic_leukemia,0.478019,0.557865
HAL-01,ALL,blood,lymphoblastic_leukemia,0.479815,0.558706
SNU-C5,COREAD,digestive_system,large_intestine,0.480049,0.550391
NCI-H23,LUAD,lung,lung_NSCLC_adenocarcinoma,0.48072,0.554036
TC-YIK,UNCLASSIFIED,urogenital_system,cervix,0.481284,0.555529
H9,UNCLASSIFIED,blood,lymphoid_neoplasm_other,0.482108,0.558898
CML-T1,LCML,blood,chronic_myeloid_leukaemia,0.482809,0.560165
OCI-AML2,LAML,blood,acute_myeloid_leukaemia,0.485046,0.561458
DB,DLBC,blood,B_cell_lymphoma,0.487113,0.557654
SUP-T1,ALL,blood,lymphoblastic_T_cell_leukaemia,0.490811,0.556206
AMO-1,MM,blood,haematopoietic_neoplasm_other,0.496814,0.562329
CPC-N,SCLC,lung,lung_small_cell_carcinoma,0.499734,0.561687
SNU-398,LIHC,digestive_system,liver,0.504611,0.555088
EC-GI-10,ESCA,aero_digestive_tract,oesophagus,0.511855,0.561151
Caov-4,OV,urogenital_system,ovary,0.511997,0.555924
KYSE-140,ESCA,aero_digestive_tract,oesophagus,0.513044,0.561962
Ramos-2G6-4C10,UNCLASSIFIED,blood,Burkitt_lymphoma,0.513702,0.570151
NCI-H3118,UNCLASSIFIED,aero_digestive_tract,head_and_neck,0.517184,0.561044
ALL-PO,ALL,blood,lymphoblastic_leukemia,0.518516,0.568621
C-4-I,CESC,urogenital_system,cervix,0.519052,0.563644
OACp4C,ESCA,aero_digestive_tract,oesophagus,0.5205,0.563505
HuCCT1,UNCLASSIFIED,digestive_system,biliary_tract,0.521445,0.559945
SNU-16,STAD,digestive_system,stomach,0.52304,0.568718
SW982,UNCLASSIFIED,soft_tissue,soft_tissue_other,0.525225,0.564676
NCI-H1755,LUAD,lung,lung_NSCLC_adenocarcinoma,0.525593,0.55994
HuO9,UNCLASSIFIED,bone,osteosarcoma,0.529363,0.567723
WSU-DLCL2,DLBC,blood,B_cell_lymphoma,0.540902,0.573986
DG-75,UNCLASSIFIED,blood,Burkitt_lymphoma,0.542027,0.56956
8-MG-BA,GBM,nervous_system,glioma,0.545964,0.573191
HO-1-u-1,HNSC,aero_digestive_tract,head_and_neck,0.548384,0.569626
KCL-22,LCML,blood,chronic_myeloid_leukaemia,0.553905,0.576813
PANC-03-27,PAAD,pancreas,pancreas,0.5567,0.56307
NCI-H2122,LUAD,lung,lung_NSCLC_adenocarcinoma,0.559918,0.577516
MES-SA,UNCLASSIFIED,urogenital_system,uterus,0.566478,0.574474
MOLP-8,MM,blood,myeloma,0.571766,0.581209
G-401,UNCLASSIFIED,kidney,kidney,0.571908,0.570023
SAS,HNSC,aero_digestive_tract,head_and_neck,0.572046,0.575239
GI-1,LGG,nervous_system,glioma,0.576963,0.581332
OVCAR-8,OV,urogenital_system,ovary,0.579316,0.580558
BFTC-909,KIRC,kidney,kidney,0.581826,0.577321
NCI-H1792,LUAD,lung,lung_NSCLC_adenocarcinoma,0.584237,0.584359
EW-18,UNCLASSIFIED,bone,ewings_sarcoma,0.586344,0.582964
ESO51,ESCA,aero_digestive_tract,oesophagus,0.587551,0.570505
LB996-RCC,KIRC,kidney,kidney,0.589909,0.568005
OCI-AML5,LAML,blood,acute_myeloid_leukaemia,0.590288,0.588988
5637,BLCA,urogenital_system,bladder,0.594054,0.574009
MOG-G-UVW,LGG,nervous_system,glioma,0.594425,0.584629
MFE-319,UCEC,urogenital_system,endometrium,0.597087,0.580905
RS4-11,ALL,blood,leukemia,0.604634,0.590573
RPMI-7951,SKCM,skin,melanoma,0.605186,0.586408
GDM-1,LAML,blood,acute_myeloid_leukaemia,0.609441,0.582692
LS-411N,COREAD,digestive_system,large_intestine,0.609584,0.580692
NCI-H2170,LUSC,lung,lung_NSCLC_squamous_cell_carcinoma,0.627173,0.584646
Ca-Ski,CESC,urogenital_system,cervix,0.632587,0.584791
MKN45,STAD,digestive_system,stomach,0.633172,0.581532
PA-TU-8988T,PAAD,pancreas,pancreas,0.634993,0.580925
SK-PN-DW,UNCLASSIFIED,bone,ewings_sarcoma,0.635948,0.59577
YT,ALL,blood,lymphoid_neoplasm_other,0.636549,0.598768
HDLM-2,UNCLASSIFIED,blood,Hodgkin_lymphoma,0.637061,0.592332
SNU-175,COREAD,digestive_system,large_intestine,0.639958,0.593679
KU-19-19,BLCA,urogenital_system,bladder,0.641132,0.594576
TE-8,ESCA,aero_digestive_tract,oesophagus,0.641603,0.587762
IMR-5,NB,nervous_system,neuroblastoma,0.64642,0.601094
A2780,UNCLASSIFIED,urogenital_system,ovary,0.650412,0.588459
NKM-1,LAML,blood,acute_myeloid_leukaemia,0.650726,0.595721
ESS-1,UNCLASSIFIED,urogenital_system,endometrium,0.651643,0.597811
P30-OHK,ALL,blood,lymphoblastic_leukemia,0.663889,0.604461
KYSE-220,ESCA,aero_digestive_tract,oesophagus,0.668492,0.594926
CAL-62,THCA,thyroid,thyroid,0.669803,0.593426
RT-112,BLCA,urogenital_system,bladder,0.671142,0.595281
BB49-HNC,HNSC,aero_digestive_tract,head_and_neck,0.671505,0.587882
MHH-PREB-1,UNCLASSIFIED,blood,B_cell_leukemia,0.675756,0.60442
CAL-39,CESC,urogenital_system,cervix,0.678053,0.601192
NB(TU)1-10,NB,nervous_system,neuroblastoma,0.680864,0.599569
TOV-21G,OV,urogenital_system,ovary,0.68254,0.589009
786-0,KIRC,kidney,kidney,0.687576,0.593536
NB69,NB,nervous_system,neuroblastoma,0.691743,0.599216
MHH-CALL-2,UNCLASSIFIED,blood,B_cell_leukemia,0.694156,0.608201
SK-CO-1,COREAD,digestive_system,large_intestine,0.69977,0.601698
CHP-134,NB,nervous_system,neuroblastoma,0.705945,0.603175
ALL-SIL,ALL,blood,T_cell_leukemia,0.707373,0.611414
NCI-H82,SCLC,lung,lung_small_cell_carcinoma,0.711906,0.615028
OCI-AML3,LAML,blood,acute_myeloid_leukaemia,0.713123,0.608561
GP5d,COREAD,digestive_system,large_intestine,0.713747,0.611953
SBC-5,SCLC,lung,lung_small_cell_carcinoma,0.724578,0.611903
NEC8,UNCLASSIFIED,urogenital_system,testis,0.724833,0.618889
SU-DHL-6,DLBC,blood,B_cell_lymphoma,0.725428,0.619697
HCC1806,UNCLASSIFIED,breast,breast,0.725522,0.61332
Raji,UNCLASSIFIED,blood,Burkitt_lymphoma,0.727222,0.615946
NCI-H810,UNCLASSIFIED,lung,lung_NSCLC_large_cell,0.727446,0.609282
GR-ST,ALL,blood,lymphoblastic_leukemia,0.727628,0.600617
KYSE-180,ESCA,aero_digestive_tract,oesophagus,0.728085,0.611649
Ca9-22,HNSC,aero_digestive_tract,head_and_neck,0.729506,0.605941
OPM-2,MM,blood,myeloma,0.744935,0.622263
HCC1599,BRCA,breast,breast,0.755596,0.599372
SK-N-AS,NB,nervous_system,neuroblastoma,0.761977,0.603662
T84,COREAD,digestive_system,large_intestine,0.763763,0.609941
RC-K8,DLBC,blood,B_cell_lymphoma,0.765069,0.612042
KYSE-450,ESCA,aero_digestive_tract,oesophagus,0.773085,0.605141
HCT-15,COREAD,digestive_system,large_intestine,0.774692,0.614928
DAN-G,PAAD,pancreas,pancreas,0.775925,0.617344
LXF-289,LUAD,lung,lung_NSCLC_adenocarcinoma,0.77899,0.623106
OVCAR-3,OV,urogenital_system,ovary,0.779261,0.608879
RKO,COREAD,digestive_system,large_intestine,0.78303,0.618822
DOV13,OV,urogenital_system,ovary,0.783233,0.61851
NCI-H524,SCLC,lung,lung_small_cell_carcinoma,0.790758,0.628609
SUP-B15,ALL,blood,lymphoblastic_leukemia,0.793316,0.627513
ES8,UNCLASSIFIED,bone,ewings_sarcoma,0.799457,0.628043
T-T,ESCA,aero_digestive_tract,oesophagus,0.800877,0.623467
SW948,COREAD,digestive_system,large_intestine,0.805638,0.61309
HCC2998,COREAD,digestive_system,large_intestine,0.806569,0.627225
NB13,NB,nervous_system,neuroblastoma,0.809988,0.627797
FLO-1,ESCA,aero_digestive_tract,oesophagus,0.812011,0.615128
HGC-27,STAD,digestive_system,stomach,0.814368,0.627755
OC-314,OV,urogenital_system,ovary,0.824785,0.627138
NCI-H1963,SCLC,lung,lung_small_cell_carcinoma,0.827479,0.616475
NCI-H2009,LUAD,lung,lung_NSCLC_adenocarcinoma,0.836266,0.621445
K-562,LCML,blood,chronic_myeloid_leukaemia,0.839394,0.624444
CAL-33,HNSC,aero_digestive_tract,head_and_neck,0.840047,0.622258
PFSK-1,MB,nervous_system,medulloblastoma,0.840235,0.629167
SLVL,DLBC,blood,B_cell_lymphoma,0.842445,0.634463
HeLa,CESC,urogenital_system,cervix,0.847446,0.635167
MKN1,UNCLASSIFIED,digestive_system,stomach,0.848898,0.610085
RERF-GC-1B,STAD,digestive_system,stomach,0.848935,0.62098
Detroit562,HNSC,aero_digestive_tract,head_and_neck,0.849132,0.628698
CAL-54,KIRC,kidney,kidney,0.851399,0.609563
23132-87,STAD,digestive_system,stomach,0.86491,0.620954
NCI-H1048,SCLC,lung,lung_small_cell_carcinoma,0.865582,0.627524
NCI-H211,SCLC,lung,lung_small_cell_carcinoma,0.86762,0.630095
EB-3,UNCLASSIFIED,blood,Burkitt_lymphoma,0.882217,0.63137
TYK-nu,UNCLASSIFIED,urogenital_system,ovary,0.885174,0.61079
IHH-4,THCA,thyroid,thyroid,0.886728,0.634126
NCI-H1341,SCLC,lung,lung_small_cell_carcinoma,0.897931,0.618359
Hs-633T,UNCLASSIFIED,soft_tissue,fibrosarcoma,0.900218,0.644693
CA46,UNCLASSIFIED,blood,Burkitt_lymphoma,0.904184,0.632576
BPH-1,UNCLASSIFIED,urogenital_system,prostate,0.904918,0.621812
AGS,STAD,digestive_system,stomach,0.910125,0.638388
ES-2,UNCLASSIFIED,urogenital_system,ovary,0.911095,0.623887
LCLC-97TM1,UNCLASSIFIED,lung,lung_NSCLC_large_cell,0.917314,0.636653
DOK,HNSC,aero_digestive_tract,head_and_neck,0.919783,0.630746
TGW,NB,nervous_system,neuroblastoma,0.929462,0.639722
Hs-578-T,BRCA,breast,breast,0.929683,0.632603
Calu-6,LUAD,lung,lung_NSCLC_adenocarcinoma,0.932203,0.618886
GOTO,NB,nervous_system,neuroblastoma,0.941347,0.633281
OACM5-1,ESCA,aero_digestive_tract,oesophagus,0.964872,0.62668
KARPAS-1106P,DLBC,blood,B_cell_lymphoma,0.971246,0.653285
FTC-133,THCA,thyroid,thyroid,0.974333,0.629432
RL95-2,UNCLASSIFIED,urogenital_system,endometrium,0.976102,0.642354
NCI-H1648,LUAD,lung,lung_NSCLC_adenocarcinoma,0.976175,0.636709
NY,UNCLASSIFIED,bone,osteosarcoma,0.992292,0.646676
REH,UNCLASSIFIED,blood,B_cell_leukemia,0.994408,0.661466
TE-4,ESCA,aero_digestive_tract,oesophagus,0.999912,0.652716
NCI-H1299,UNCLASSIFIED,lung,lung_NSCLC_large_cell,1.006717,0.640289
A2058,SKCM,skin,melanoma,1.007841,0.660672
BE2-M17,NB,nervous_system,neuroblastoma,1.015316,0.641009
KALS-1,LGG,nervous_system,glioma,1.025161,0.636414
CAL-72,UNCLASSIFIED,bone,osteosarcoma,1.029766,0.642183
SNU-1040,COREAD,digestive_system,large_intestine,1.030469,0.642237
NUGC-3,STAD,digestive_system,stomach,1.034721,0.637184
SHP-77,SCLC,lung,lung_small_cell_carcinoma,1.041067,0.662027
DU-4475,BRCA,breast,breast,1.057696,0.671793
WM793B,SKCM,skin,melanoma,1.063033,0.653526
CAL-78,UNCLASSIFIED,bone,chondrosarcoma,1.065718,0.65864
A375,SKCM,skin,melanoma,1.072556,0.652743
OE21,ESCA,aero_digestive_tract,oesophagus,1.074861,0.645973
HT55,COREAD,digestive_system,large_intestine,1.076327,0.644465
NH-12,NB,nervous_system,neuroblastoma,1.086755,0.643955
A101D,SKCM,skin,melanoma,1.090411,0.652099
Daudi,UNCLASSIFIED,blood,Burkitt_lymphoma,1.093113,0.674717
LU-65,UNCLASSIFIED,lung,lung_NSCLC_large_cell,1.101989,0.642914
LOXIMVI,SKCM,skin,melanoma,1.102128,0.66132
PA-1,UNCLASSIFIED,urogenital_system,ovary,1.104141,0.665856
SW1783,LGG,nervous_system,glioma,1.108784,0.66
KARPAS-422,DLBC,blood,B_cell_lymphoma,1.113402,0.665677
JJN-3,MM,blood,haematopoietic_neoplasm_other,1.115355,0.679056
SW837,COREAD,digestive_system,large_intestine,1.117995,0.64772
CAL-51,BRCA,breast,breast,1.122483,0.653197
MS-1,SCLC,lung,lung_small_cell_carcinoma,1.131509,0.6772
RERF-LC-Sq1,LUSC,lung,lung_NSCLC_squamous_cell_carcinoma,1.146658,0.649272
TE-15,ESCA,aero_digestive_tract,oesophagus,1.15226,0.659262
KYSE-270,ESCA,aero_digestive_tract,oesophagus,1.161634,0.666411
KGN,UNCLASSIFIED,urogenital_system,ovary,1.167207,0.660033
KMRC-20,KIRC,kidney,kidney,1.16855,0.658664
COR-L311,SCLC,lung,lung_small_cell_carcinoma,1.176209,0.679206
SK-UT-1,UNCLASSIFIED,soft_tissue,soft_tissue_other,1.192599,0.66844
NCI-H716,COREAD,digestive_system,large_intestine,1.198704,0.655544
SW48,COREAD,digestive_system,large_intestine,1.200772,0.654128
ECC10,UNCLASSIFIED,digestive_system,stomach,1.208631,0.678609
SNU-5,STAD,digestive_system,stomach,1.209865,0.666206
BFTC-905,BLCA,urogenital_system,bladder,1.229659,0.679668
NCI-H1651,LUAD,lung,lung_NSCLC_adenocarcinoma,1.2377,0.67148
PWR-1E,PRAD,urogenital_system,prostate,1.247172,0.677832
SK-N-FI,NB,nervous_system,neuroblastoma,1.248691,0.669281
KG-1,LAML,blood,acute_myeloid_leukaemia,1.258158,0.68662
JHH-1,LIHC,digestive_system,liver,1.25895,0.664704
LK-2,LUSC,lung,lung_NSCLC_squamous_cell_carcinoma,1.268827,0.662369
CFPAC-1,PAAD,pancreas,pancreas,1.270882,0.648835
NCI-H508,COREAD,digestive_system,large_intestine,1.273343,0.670371
CAL-148,BRCA,breast,breast,1.276473,0.676845
CAL-29,BLCA,urogenital_system,bladder,1.282966,0.669052
OE33,ESCA,aero_digestive_tract,oesophagus,1.305877,0.664723
SNG-M,UCEC,urogenital_system,endometrium,1.316984,0.692497
CHL-1,SKCM,skin,melanoma,1.319271,0.680494
HCC-15,LUSC,lung,lung_NSCLC_squamous_cell_carcinoma,1.324907,0.664337
TE-1,ESCA,aero_digestive_tract,oesophagus,1.327436,0.667601
TGBC24TKB,UNCLASSIFIED,digestive_system,biliary_tract,1.331462,0.660896
HCC1395,BRCA,breast,breast,1.333558,0.676043
HTC-C3,THCA,thyroid,thyroid,1.336377,0.66488
IGR-37,SKCM,skin,melanoma,1.361894,0.693658
HCC-44,LUAD,lung,lung_NSCLC_adenocarcinoma,1.370324,0.68129
NCI-H526,SCLC,lung,lung_small_cell_carcinoma,1.37392,0.694865
COLO-205,COREAD,digestive_system,large_intestine,1.38399,0.674536
NOS-1,UNCLASSIFIED,bone,osteosarcoma,1.387214,0.691548
B-CPAP,THCA,thyroid,thyroid,1.398524,0.665975
MS751,CESC,urogenital_system,cervix,1.412267,0.695057
DMS-273,SCLC,lung,lung_small_cell_carcinoma,1.413283,0.695494
SNU-407,COREAD,digestive_system,large_intestine,1.432522,0.683069
NCI-H835,UNCLASSIFIED,lung,lung_NSCLC_carcinoid,1.434679,0.694825
ESO26,ESCA,aero_digestive_tract,oesophagus,1.439593,0.689265
TCCSUP,BLCA,urogenital_system,bladder,1.446011,0.667127
CAPAN-1,PAAD,pancreas,pancreas,1.44893,0.667501
HO-1-N-1,HNSC,aero_digestive_tract,head_and_neck,1.449709,0.697565
UMC-11,UNCLASSIFIED,lung,lung_NSCLC_carcinoid,1.452226,0.682804
HL-60,LAML,blood,acute_myeloid_leukaemia,1.458612,0.705164
PANC-02-03,PAAD,pancreas,pancreas,1.45987,0.656146
NTERA-2-cl-D1,UNCLASSIFIED,urogenital_system,testis,1.463192,0.692224
EN,UCEC,urogenital_system,endometrium,1.468176,0.673096
AN3-CA,UCEC,urogenital_system,endometrium,1.472109,0.691635
LOU-NH91,LUSC,lung,lung_NSCLC_squamous_cell_carcinoma,1.474726,0.679197
LU-135,SCLC,lung,lung_small_cell_carcinoma,1.478794,0.696553
KP-4,PAAD,pancreas,pancreas,1.481281,0.689963
CL-40,COREAD,digestive_system,large_intestine,1.504694,0.684539
SK-MEL-2,SKCM,skin,melanoma,1.512266,0.712895
RPMI-8226,MM,blood,myeloma,1.51547,0.714853
647-V,BLCA,urogenital_system,bladder,1.52398,0.694139
DiFi,COREAD,digestive_system,large_intestine,1.526287,0.685751
ME-1,LAML,blood,acute_myeloid_leukaemia,1.527615,0.711491
GCT,UNCLASSIFIED,soft_tissue,soft_tissue_other,1.545202,0.684362
LB771-HNC,HNSC,aero_digestive_tract,head_and_neck,1.565698,0.673497
U-266,MM,blood,myeloma,1.576692,0.706365
HLE,LIHC,digestive_system,liver,1.581493,0.705933
GAMG,LGG,nervous_system,glioma,1.61624,0.70779
RF-48,STAD,digestive_system,stomach,1.616317,0.710752
BT-549,BRCA,breast,breast,1.622067,0.681351
NCI-H661,UNCLASSIFIED,lung,lung_NSCLC_large_cell,1.632005,0.68436
EW-22,UNCLASSIFIED,bone,ewings_sarcoma,1.636396,0.709459
NCI-H69,SCLC,lung,lung_small_cell_carcinoma,1.646379,0.714203
OVISE,OV,urogenital_system,ovary,1.654575,0.688367
CL-34,COREAD,digestive_system,large_intestine,1.667256,0.689141
NB10,NB,nervous_system,neuroblastoma,1.703528,0.714934
HT-115,COREAD,digestive_system,large_intestine,1.712344,0.716048
SNU-C2B,COREAD,digestive_system,large_intestine,1.717752,0.668403
SUIT-2,PAAD,pancreas,pancreas,1.728137,0.662126
KYSE-50,ESCA,aero_digestive_tract,oesophagus,1.730016,0.71168
SNU-1,STAD,digestive_system,stomach,1.733452,0.718404
NCI-H841,SCLC,lung,lung_small_cell_carcinoma,1.764922,0.697717
MHH-ES-1,UNCLASSIFIED,bone,ewings_sarcoma,1.772658,0.710907
SW620,COREAD,digestive_system,large_intestine,1.789319,0.69461
HSC-3,HNSC,aero_digestive_tract,head_and_neck,1.792193,0.713549
NCI-H1993,LUAD,lung,lung_NSCLC_adenocarcinoma,1.803326,0.705743
ME-180,CESC,urogenital_system,cervix,1.81008,0.705395
BxPC-3,PAAD,pancreas,pancreas,1.811427,0.705479
TE-9,ESCA,aero_digestive_tract,oesophagus,1.811795,0.723349
LS-1034,COREAD,digestive_system,large_intestine,1.839496,0.723187
COLO-684,UCEC,urogenital_system,endometrium,1.855796,0.705342
HCC38,BRCA,breast,breast,1.858054,0.702228
NCI-H3122,LUAD,lung,lung_NSCLC_adenocarcinoma,1.872445,0.699474
SBC-3,SCLC,lung,lung_small_cell_carcinoma,1.881303,0.72864
NB7,NB,nervous_system,neuroblastoma,1.894277,0.720729
FADU,HNSC,aero_digestive_tract,head_and_neck,1.915655,0.71929
U-2-OS,UNCLASSIFIED,bone,osteosarcoma,1.931696,0.706877
COR-L32,SCLC,lung,lung_small_cell_carcinoma,1.931931,0.722153
SKN-3,HNSC,aero_digestive_tract,head_and_neck,1.942429,0.717127
EW-16,UNCLASSIFIED,bone,ewings_sarcoma,1.959564,0.716179
T98G,GBM,nervous_system,glioma,1.993317,0.73764
NCI-H720,UNCLASSIFIED,lung,lung_NSCLC_carcinoid,1.993982,0.726085
NCI-H520,LUSC,lung,lung_NSCLC_squamous_cell_carcinoma,1.996294,0.708689
LS-180,COREAD,digestive_system,large_intestine,2.012983,0.710716
ES7,UNCLASSIFIED,bone,ewings_sarcoma,2.021448,0.740782
MDST8,COREAD,digestive_system,large_intestine,2.027224,0.727355
SW1463,COREAD,digestive_system,large_intestine,2.040594,0.725637
NCI-H1694,SCLC,lung,lung_small_cell_carcinoma,2.043517,0.729625
RD,UNCLASSIFIED,soft_tissue,rhabdomyosarcoma,2.053472,0.719751
TE-6,ESCA,aero_digestive_tract,oesophagus,2.065197,0.703388
HOS,UNCLASSIFIED,bone,osteosarcoma,2.074392,0.749877
SISO,CESC,urogenital_system,cervix,2.074468,0.718643
OVMIU,OV,urogenital_system,ovary,2.078499,0.693742
LU-139,SCLC,lung,lung_small_cell_carcinoma,2.083897,0.738066
CAL-27,HNSC,aero_digestive_tract,head_and_neck,2.08873,0.728639
COR-L88,SCLC,lung,lung_small_cell_carcinoma,2.09294,0.722182
LS-123,COREAD,digestive_system,large_intestine,2.094352,0.683994
HCT-116,COREAD,digestive_system,large_intestine,2.094947,0.752121
CS1,UNCLASSIFIED,bone,bone_other,2.103195,0.704979
NCI-H2141,SCLC,lung,lung_small_cell_carcinoma,2.111717,0.722916
NCI-H2023,LUAD,lung,lung_NSCLC_adenocarcinoma,2.1119,0.717026
TOV-112D,OV,urogenital_system,ovary,2.120229,0.740732
KYSE-70,ESCA,aero_digestive_tract,oesophagus,2.121058,0.707609
NCI-H1581,UNCLASSIFIED,lung,lung_NSCLC_large_cell,2.127515,0.740267
639-V,BLCA,urogenital_system,bladder,2.131095,0.73934
GAK,SKCM,skin,melanoma,2.139882,0.744564
SK-MG-1,GBM,nervous_system,glioma,2.147376,0.722083
RT4,BLCA,urogenital_system,bladder,2.14822,0.737642
BICR22,HNSC,aero_digestive_tract,head_and_neck,2.170507,0.742051
NCI-H1944,LUAD,lung,lung_NSCLC_adenocarcinoma,2.178337,0.699851
HuP-T3,PAAD,pancreas,pancreas,2.197237,0.70581
HCC-827,LUAD,lung,lung_NSCLC_adenocarcinoma,2.216199,0.698919
HCC1143,BRCA,breast,breast,2.232044,0.715972
KYAE-1,ESCA,aero_digestive_tract,oesophagus,2.251318,0.739246
JIMT-1,BRCA,breast,breast,2.2548,0.742203
Hey,OV,urogenital_system,ovary,2.255946,0.700548
ETK-1,UNCLASSIFIED,digestive_system,biliary_tract,2.276508,0.72686
M059J,GBM,nervous_system,glioma,2.298084,0.732496
PSN1,PAAD,pancreas,pancreas,2.302257,0.728856
OE19,ESCA,aero_digestive_tract,oesophagus,2.304816,0.717747
NCI-H747,COREAD,digestive_system,large_intestine,2.305427,0.697246
HDQ-P1,BRCA,breast,breast,2.305867,0.731119
LNCaP-Clone-FGC,PRAD,urogenital_system,prostate,2.309746,0.719619
CW-2,COREAD,digestive_system,large_intestine,2.312112,0.752085
NCI-H2461,MESO,lung,mesothelioma,2.32065,0.705178
LN-18,GBM,nervous_system,glioma,2.332441,0.742019
EVSA-T,BRCA,breast,breast,2.335342,0.767951
CL-11,COREAD,digestive_system,large_intestine,2.342434,0.684116
NCI-H1568,LUAD,lung,lung_NSCLC_adenocarcinoma,2.350735,0.688496
SNU-423,LIHC,digestive_system,liver,2.388356,0.735799
NCI-H358,LUAD,lung,lung_NSCLC_adenocarcinoma,2.4119,0.715457
WM1552C,SKCM,skin,melanoma,2.426804,0.752166
LCLC-103H,UNCLASSIFIED,lung,lung_NSCLC_large_cell,2.429382,0.742165
Hs-746T,STAD,digestive_system,stomach,2.431851,0.718111
CADO-ES1,UNCLASSIFIED,bone,ewings_sarcoma,2.44158,0.768706
TC-71,UNCLASSIFIED,bone,ewings_sarcoma,2.473601,0.773974
A172,GBM,nervous_system,glioma,2.482359,0.74975
MDA-MB-231,BRCA,breast,breast,2.55137,0.760522
BHT-101,THCA,thyroid,thyroid,2.55827,0.755853
NCI-H1155,UNCLASSIFIED,lung,lung_NSCLC_large_cell,2.581508,0.755759
KYSE-150,ESCA,aero_digestive_tract,oesophagus,2.58245,0.753004
NB1,NB,nervous_system,neuroblastoma,2.582713,0.715936
LB831-BLC,BLCA,urogenital_system,bladder,2.597428,0.762123
NCI-H1781,LUAD,lung,lung_NSCLC_adenocarcinoma,2.610407,0.721314
NCI-H2731,MESO,lung,mesothelioma,2.662788,0.746566
huH-1,LIHC,digestive_system,liver,2.663714,0.719522
PL4,PAAD,pancreas,pancreas,2.679945,0.73349
PC-3_[JPC-3],LUAD,lung,lung_NSCLC_adenocarcinoma,2.715902,0.711628
KP-1N,PAAD,pancreas,pancreas,2.726161,0.739726
NCI-H1915,UNCLASSIFIED,lung,lung_NSCLC_large_cell,2.73194,0.725866
HSC-2,HNSC,aero_digestive_tract,head_and_neck,2.736795,0.784021
MKN28,STAD,digestive_system,stomach,2.745329,0.738511
KARPAS-620,MM,blood,haematopoietic_neoplasm_other,2.747665,0.779402
OVCA420,OV,urogenital_system,ovary,2.769873,0.729272
RCC10RGB,KIRC,kidney,kidney,2.775721,0.694967
OVCAR-4,OV,urogenital_system,ovary,2.776753,0.737107
HEC-1,UCEC,urogenital_system,endometrium,2.789403,0.744329
SW13,ACC,kidney,adrenal_gland,2.822077,0.778494
A673,UNCLASSIFIED,soft_tissue,rhabdomyosarcoma,2.825879,0.781442
SW1710,BLCA,urogenital_system,bladder,2.835924,0.755039
JHH-2,LIHC,digestive_system,liver,2.840781,0.745259
MDA-MB-157,BRCA,breast,breast,2.844696,0.760318
SK-N-SH,NB,nervous_system,neuroblastoma,2.85704,0.735048
MG-63,UNCLASSIFIED,bone,osteosarcoma,2.879167,0.751899
NB12,NB,nervous_system,neuroblastoma,2.905421,0.757084
HT-3,CESC,urogenital_system,cervix,2.909875,0.74779
HPAC,PAAD,pancreas,pancreas,2.928525,0.697229
NCI-H2795,MESO,lung,mesothelioma,2.931111,0.761084
SKG-IIIa,CESC,urogenital_system,cervix,2.950949,0.743303
A704,KIRC,kidney,kidney,2.97101,0.769218
YH-13,GBM,nervous_system,glioma,2.980749,0.770347
COLO-824,BRCA,breast,breast,2.983343,0.760972
MFM-223,BRCA,breast,breast,2.987673,0.722345
Saos-2,UNCLASSIFIED,bone,osteosarcoma,3.035592,0.760005
EMC-BAC-2,LUAD,lung,lung_NSCLC_adenocarcinoma,3.065272,0.762028
NCI-H929,MM,blood,myeloma,3.069084,0.799444
HT-144,SKCM,skin,melanoma,3.090362,0.775935
NCI-N87,STAD,digestive_system,stomach,3.131087,0.724571
MN-60,UNCLASSIFIED,blood,B_cell_leukemia,3.142146,0.76616
NCI-H28,MESO,lung,mesothelioma,3.146302,0.704921
IST-MEL1,SKCM,skin,melanoma,3.148644,0.746986
MOG-G-CCM,LGG,nervous_system,glioma,3.157353,0.749468
HT-1080,UNCLASSIFIED,soft_tissue,fibrosarcoma,3.164225,0.757639
A549,LUAD,lung,lung_NSCLC_adenocarcinoma,3.171938,0.755783
ONS-76,MB,nervous_system,medulloblastoma,3.196117,0.766635
MDA-MB-361,BRCA,breast,breast,3.218246,0.786401
RERF-LC-KJ,LUAD,lung,lung_NSCLC_adenocarcinoma,3.222728,0.760807
SK-MES-1,LUSC,lung,lung_NSCLC_squamous_cell_carcinoma,3.255082,0.762918
KURAMOCHI,UNCLASSIFIED,urogenital_system,ovary,3.266948,0.725058
SK-OV-3,OV,urogenital_system,ovary,3.293035,0.718447
JHU-022,HNSC,aero_digestive_tract,head_and_neck,3.323261,0.731924
OVTOKO,OV,urogenital_system,ovary,3.381999,0.747208
SNU-81,COREAD,digestive_system,large_intestine,3.385282,0.81196
NCI-H596,UNCLASSIFIED,lung,lung_NSCLC_adenocarcinoma,3.397046,0.764448
SH-4,SKCM,skin,melanoma,3.425184,0.776571
MIA-PaCa-2,PAAD,pancreas,pancreas,3.460336,0.790578
NCI-H1092,SCLC,lung,lung_small_cell_carcinoma,3.490528,0.767543
HT-1376,BLCA,urogenital_system,bladder,3.497312,0.740608
CAS-1,GBM,nervous_system,glioma,3.559146,0.745335
NCI-H650,LUAD,lung,lung_NSCLC_adenocarcinoma,3.59888,0.788948
RMG-I,UNCLASSIFIED,urogenital_system,ovary,3.612927,0.731161
SNU-182,LIHC,digestive_system,liver,3.617857,0.751135
U251,GBM,nervous_system,glioma,3.644132,0.76432
SNU-C1,COREAD,digestive_system,large_intestine,3.658987,0.76751
NCI-H2228,LUAD,lung,lung_NSCLC_adenocarcinoma,3.659304,0.739198
NCI-H1975,LUAD,lung,lung_NSCLC_adenocarcinoma,3.674342,0.765014
EW-3,UNCLASSIFIED,bone,ewings_sarcoma,3.698772,0.790052
G-361,SKCM,skin,melanoma,3.716469,0.795004
COLO-668,SCLC,lung,lung_small_cell_carcinoma,3.739521,0.773686
OCUB-M,BRCA,breast,breast,3.748082,0.818099
KYSE-410,ESCA,aero_digestive_tract,oesophagus,3.759392,0.737233
MDA-MB-468,BRCA,breast,breast,3.774453,0.804418
HPAF-II,PAAD,pancreas,pancreas,3.788898,0.748737
YAPC,PAAD,pancreas,pancreas,3.842412,0.758709
RCM-1,COREAD,digestive_system,large_intestine,3.848878,0.744886
HCC-78,LUAD,lung,lung_NSCLC_adenocarcinoma,3.893563,0.761092
D-263MG,GBM,nervous_system,glioma,3.920917,0.793167
SW1417,COREAD,digestive_system,large_intestine,3.928351,0.702035
NCI-H1355,LUAD,lung,lung_NSCLC_adenocarcinoma,3.991018,0.755137
SJSA-1,UNCLASSIFIED,bone,bone_other,4.025678,0.800793
MKN7,STAD,digestive_system,stomach,4.030502,0.731293
SNU-387,LIHC,digestive_system,liver,4.077686,0.769502
NCI-H196,SCLC,lung,lung_small_cell_carcinoma,4.105759,0.774194
OV-90,OV,urogenital_system,ovary,4.124263,0.75936
HuO-3N1,UNCLASSIFIED,bone,osteosarcoma,4.153269,0.772248
CAL-85-1,BRCA,breast,breast,4.163157,0.795764
KLE,UCEC,urogenital_system,endometrium,4.170753,0.744331
NCI-H1623,LUAD,lung,lung_NSCLC_adenocarcinoma,4.18763,0.764147
SW1088,GBM,nervous_system,glioma,4.199229,0.783221
COR-L279,SCLC,lung,lung_small_cell_carcinoma,4.221329,0.807389
MDA-MB-453,BRCA,breast,breast,4.281888,0.798525
VM-CUB-1,BLCA,urogenital_system,bladder,4.325498,0.8084
DSH1,BLCA,urogenital_system,bladder,4.363056,0.795792
EFO-21,OV,urogenital_system,ovary,4.37931,0.717923
VMRC-LCD,LUAD,lung,lung_NSCLC_adenocarcinoma,4.429944,0.792934
COR-L105,LUAD,lung,lung_NSCLC_adenocarcinoma,4.442403,0.762589
SW1990,PAAD,pancreas,pancreas,4.479142,0.775478
A498,KIRC,kidney,kidney,4.486592,0.780112
NCI-H2029,SCLC,lung,lung_small_cell_carcinoma,4.534989,0.824133
NCI-H1688,SCLC,lung,lung_small_cell_carcinoma,4.544426,0.82423
MPP-89,MESO,lung,mesothelioma,4.545146,0.806437
KP-2,PAAD,pancreas,pancreas,4.578927,0.785562
G-402,UNCLASSIFIED,soft_tissue,soft_tissue_other,4.607264,0.806799
CAL-120,BRCA,breast,breast,4.641833,0.728198
HCC2157,BRCA,breast,breast,4.65148,0.806224
PANC-10-05,PAAD,pancreas,pancreas,4.672572,0.750249
PA-TU-8902,PAAD,pancreas,pancreas,4.691341,0.760362
SCC-15,HNSC,aero_digestive_tract,head_and_neck,4.700179,0.791428
HSC-4,HNSC,aero_digestive_tract,head_and_neck,4.732531,0.821673
NCI-H522,LUAD,lung,lung_NSCLC_adenocarcinoma,4.758404,0.81251
HOP-62,LUAD,lung,lung_NSCLC_adenocarcinoma,4.78207,0.793406
CaR-1,COREAD,digestive_system,large_intestine,4.790004,0.8114
LU-99A,UNCLASSIFIED,lung,lung_NSCLC_large_cell,4.804192,0.749362
NCI-H1869,LUSC,lung,lung_NSCLC_squamous_cell_carcinoma,4.918907,0.787932
DMS-114,SCLC,lung,lung_small_cell_carcinoma,4.923218,0.816672
DoTc2-4510,CESC,urogenital_system,cervix,5.018273,0.804564
SCC90,HNSC,aero_digestive_tract,head_and_neck,5.080055,0.783355
SK-LMS-1,UNCLASSIFIED,soft_tissue,soft_tissue_other,5.151719,0.822081
Becker,GBM,nervous_system,glioma,5.177979,0.799917
HCC1569,BRCA,breast,breast,5.191125,0.832739
RKN,UNCLASSIFIED,urogenital_system,ovary,5.200207,0.78546
KYSE-520,ESCA,aero_digestive_tract,oesophagus,5.310531,0.755295
AU565,BRCA,breast,breast,5.32429,0.826406
MRK-nu-1,BRCA,breast,breast,5.328784,0.868062
OAW-28,OV,urogenital_system,ovary,5.3537,0.793036
SAT,HNSC,aero_digestive_tract,head_and_neck,5.4127,0.802059
VA-ES-BJ,UNCLASSIFIED,soft_tissue,soft_tissue_other,5.416988,0.791149
K5,THCA,thyroid,thyroid,5.440365,0.829396
SW1271,SCLC,lung,lung_small_cell_carcinoma,5.445202,0.775045
NCI-H1650,LUAD,lung,lung_NSCLC_adenocarcinoma,5.445763,0.741055
FU97,STAD,digestive_system,stomach,5.488595,0.790011
TK10,KIRC,kidney,kidney,5.489492,0.75643
SN12C,KIRC,kidney,kidney,5.497506,0.798182
MEL-JUSO,SKCM,skin,melanoma,5.530618,0.812423
EW-11,UNCLASSIFIED,bone,ewings_sarcoma,5.559624,0.826053
SW1573,LUAD,lung,lung_NSCLC_adenocarcinoma,5.594736,0.770344
SW626,OV,urogenital_system,ovary,5.62116,0.769737
NCI-H2052,MESO,lung,mesothelioma,5.834108,0.801192
PEO1,OV,urogenital_system,ovary,5.85099,0.784706
KNS-62,LUSC,lung,lung_NSCLC_squamous_cell_carcinoma,5.876658,0.827507
HCC1954,BRCA,breast,breast,5.881002,0.84438
PCI-30,HNSC,aero_digestive_tract,head_and_neck,5.885598,0.790793
8305C,THCA,thyroid,thyroid,5.887062,0.800087
NCI-H2085,LUAD,lung,lung_NSCLC_adenocarcinoma,5.890178,0.812274
C2BBe1,COREAD,digestive_system,large_intestine,5.891135,0.773446
HCC70,BRCA,breast,breast,5.919929,0.859078
SKN,UNCLASSIFIED,urogenital_system,uterus,5.930881,0.816289
HMV-II,SKCM,skin,melanoma,6.035967,0.81198
WM35,SKCM,skin,melanoma,6.106854,0.824619
UM-UC-3,BLCA,urogenital_system,bladder,6.124619,0.844738
SW900,LUSC,lung,lung_NSCLC_squamous_cell_carcinoma,6.126323,0.777874
SNU-61,COREAD,digestive_system,large_intestine,6.331118,0.806701
ASH-3,THCA,thyroid,thyroid,6.463254,0.84932
OVCAR-5,OV,urogenital_system,ovary,6.527233,0.774436
GI-ME-N,NB,nervous_system,neuroblastoma,6.549403,0.805731
ES6,UNCLASSIFIED,bone,ewings_sarcoma,6.586183,0.809571
SW872,UNCLASSIFIED,soft_tissue,soft_tissue_other,6.612151,0.804374
SK-LU-1,LUAD,lung,lung_NSCLC_adenocarcinoma,6.648161,0.788117
EFM-19,BRCA,breast,breast,6.681147,0.827481
AM-38,GBM,nervous_system,glioma,6.732866,0.852506
A204,UNCLASSIFIED,soft_tissue,rhabdomyosarcoma,6.793884,0.807629
BICR78,HNSC,aero_digestive_tract,head_and_neck,6.799838,0.809589
HOP-92,UNCLASSIFIED,lung,lung_NSCLC_large_cell,6.824175,0.805172
BT-20,BRCA,breast,breast,6.8296,0.874285
PL18,PAAD,pancreas,pancreas,6.840424,0.814599
TE-5,ESCA,aero_digestive_tract,oesophagus,6.857749,0.823681
NCI-H2066,SCLC,lung,lung_small_cell_carcinoma,7.048047,0.798406
JHH-6,LIHC,digestive_system,liver,7.053067,0.803861
GCIY,STAD,digestive_system,stomach,7.201053,0.824388
SW1116,COREAD,digestive_system,large_intestine,7.252506,0.826276
HCC1500,BRCA,breast,breast,7.297059,0.863077
IGR-1,SKCM,skin,melanoma,7.381789,0.865253
MFE-280,UCEC,urogenital_system,endometrium,7.419332,0.816854
HuP-T4,PAAD,pancreas,pancreas,7.447535,0.842199
DMS-53,SCLC,lung,lung_small_cell_carcinoma,7.453953,0.823271
Hs-766T,PAAD,pancreas,pancreas,7.498316,0.76559
LN-229,GBM,nervous_system,glioma,7.560022,0.825701
TT2609-C02,THCA,thyroid,thyroid,7.698664,0.777814
EBC-1,LUSC,lung,lung_NSCLC_squamous_cell_carcinoma,7.758448,0.824775
NCI-H2087,LUAD,lung,lung_NSCLC_adenocarcinoma,7.822013,0.829869
MFE-296,UCEC,urogenital_system,endometrium,7.825648,0.835319
8505C,THCA,thyroid,thyroid,7.90271,0.819075
C32,SKCM,skin,melanoma,8.022758,0.83109
MDA-MB-436,BRCA,breast,breast,8.16913,0.839286
Mo-T,UNCLASSIFIED,blood,hairy_cell_leukaemia,8.344469,0.874438
HCC1937,BRCA,breast,breast,8.422321,0.841233
NCI-H513,MESO,lung,mesothelioma,8.499896,0.798493
OSC-20,HNSC,aero_digestive_tract,head_and_neck,8.570038,0.827378
T47D,BRCA,breast,breast,8.570659,0.859648
SF268,GBM,nervous_system,glioma,8.668458,0.842863
JHH-4,LIHC,digestive_system,liver,8.737931,0.82595
NCI-H1573,LUAD,lung,lung_NSCLC_adenocarcinoma,8.845198,0.836492
J82,BLCA,urogenital_system,bladder,8.883078,0.819121
NCI-H727,UNCLASSIFIED,lung,lung_NSCLC_carcinoid,8.939313,0.831513
COLO-792,SKCM,skin,melanoma,8.957395,0.866467
LU-165,SCLC,lung,lung_small_cell_carcinoma,9.064623,0.837885
NCI-H1666,LUAD,lung,lung_NSCLC_adenocarcinoma,9.078309,0.798342
SiHa,CESC,urogenital_system,cervix,9.17585,0.844315
OCUM-1,STAD,digestive_system,stomach,9.183354,0.820858
JHH-7,LIHC,digestive_system,liver,9.214054,0.83149
HCC1187,BRCA,breast,breast,9.252314,0.879532
SK-GT-4,ESCA,aero_digestive_tract,oesophagus,9.254092,0.780268
NCI-H2373,MESO,lung,mesothelioma,9.259225,0.814981
OAW-42,OV,urogenital_system,ovary,9.482648,0.84559
MDA-MB-330,BRCA,breast,breast,9.570371,0.845957
PANC-08-13,PAAD,pancreas,pancreas,9.653817,0.824682
CAMA-1,BRCA,breast,breast,9.72863,0.887112
42-MG-BA,GBM,nervous_system,glioma,9.768054,0.869427
DU-145,PRAD,urogenital_system,prostate,9.820166,0.86329
C3A,LIHC,digestive_system,liver,10.09038,0.825711
VCaP,PRAD,urogenital_system,prostate,10.42846,0.855115
CAPAN-2,PAAD,pancreas,pancreas,10.600138,0.79695
KS-1,GBM,nervous_system,glioma,10.756743,0.875641
NCI-H345,SCLC,lung,lung_small_cell_carcinoma,10.810678,0.833172
WM278,SKCM,skin,melanoma,11.000832,0.825665
TGBC1TKB,UNCLASSIFIED,digestive_system,biliary_tract,11.002683,0.838493
U-118-MG,GBM,nervous_system,glioma,11.127888,0.846558
MDA-MB-175-VII,BRCA,breast,breast,11.22802,0.79573
FU-OV-1,OV,urogenital_system,ovary,11.262909,0.826067
IM-95,STAD,digestive_system,stomach,11.619359,0.878489
NCI-H1435,LUAD,lung,lung_NSCLC_adenocarcinoma,11.662491,0.916242
Mewo,SKCM,skin,melanoma,11.943367,0.863761
NCI-H1793,LUAD,lung,lung_NSCLC_adenocarcinoma,12.27963,0.801073
SW756,CESC,urogenital_system,cervix,12.467333,0.823915
DK-MG,GBM,nervous_system,glioma,13.569474,0.862507
LN-405,GBM,nervous_system,glioma,13.669974,0.868754
HCC1428,BRCA,breast,breast,13.755694,0.82572
SCC-9,HNSC,aero_digestive_tract,head_and_neck,13.871347,0.887326
A253,UNCLASSIFIED,aero_digestive_tract,head_and_neck,14.273296,0.919747
HT-1197,BLCA,urogenital_system,bladder,14.277475,0.863682
GB-1,GBM,nervous_system,glioma,14.421429,0.852772
NUGC-4,STAD,digestive_system,stomach,14.508249,0.826193
SCC-4,HNSC,aero_digestive_tract,head_and_neck,15.427288,0.908173
KMRC-1,KIRC,kidney,kidney,15.688044,0.886956
COLO-829,SKCM,skin,melanoma,15.739091,0.824269
UACC-812,BRCA,breast,breast,16.116664,0.878615
UACC-62,SKCM,skin,melanoma,16.321172,0.905331
COLO-679,SKCM,skin,melanoma,16.393545,0.892237
HCC1419,BRCA,breast,breast,16.472527,0.92475
HH,UNCLASSIFIED,blood,T_cell_leukemia,16.542378,0.906829
UACC-893,BRCA,breast,breast,17.287113,0.904366
ES4,UNCLASSIFIED,bone,ewings_sarcoma,17.425061,0.879375
RCC-JW,KIRC,kidney,kidney,17.491829,0.898674
NCI-H2818,MESO,lung,mesothelioma,17.654121,0.871726
HD-MY-Z,UNCLASSIFIED,blood,Hodgkin_lymphoma,17.72524,0.810986
NCI-H2342,LUAD,lung,lung_NSCLC_adenocarcinoma,17.778134,0.885505
PC-3,PRAD,urogenital_system,prostate,17.869161,0.860875
NCI-H1693,LUAD,lung,lung_NSCLC_adenocarcinoma,18.0761,0.831534
BT-474,BRCA,breast,breast,18.474837,0.867789
22RV1,PRAD,urogenital_system,prostate,19.080909,0.885664
OV-56,OV,urogenital_system,ovary,19.263101,0.87177
KINGS-1,LGG,nervous_system,glioma,19.345619,0.858176
U-87-MG,GBM,nervous_system,glioma,19.388739,0.900532
SK-HEP-1,LIHC,digestive_system,liver,20.619617,0.930129
PANC-04-03,PAAD,pancreas,pancreas,20.975993,0.80647
EW-24,UNCLASSIFIED,bone,ewings_sarcoma,21.437095,0.891602
HuH-7,LIHC,digestive_system,liver,21.558698,0.895781
NCI-H226,LUSC,lung,lung_NSCLC_squamous_cell_carcinoma,22.156635,0.828248
KP-3,UNCLASSIFIED,pancreas,pancreas,22.290345,0.861169
WM-115,SKCM,skin,melanoma,22.296629,0.904802
Calu-3,LUAD,lung,lung_NSCLC_adenocarcinoma,22.546131,0.881971
SK-MEL-24,SKCM,skin,melanoma,22.560836,0.902448
HCC2218,BRCA,breast,breast,22.600961,0.944074
EGI-1,UNCLASSIFIED,digestive_system,biliary_tract,23.029301,0.861253
KATOIII,STAD,digestive_system,stomach,23.052511,0.872132
SW780,BLCA,urogenital_system,bladder,23.574928,0.903598
IA-LM,UNCLASSIFIED,lung,lung_NSCLC_large_cell,23.743783,0.919651
MDA-MB-415,BRCA,breast,breast,23.931798,0.951208
SK-MEL-1,SKCM,skin,melanoma,24.307184,0.891893
CHSA8926,UNCLASSIFIED,bone,chondrosarcoma,24.393221,0.922226
NCI-H2369,MESO,lung,mesothelioma,25.142744,0.909052
SK-MM-2,MM,blood,myeloma,25.522187,0.946915
MSTO-211H,MESO,lung,mesothelioma,26.264501,0.906139
NCI-H1563,LUAD,lung,lung_NSCLC_adenocarcinoma,27.083157,0.907347
SNU-449,LIHC,digestive_system,liver,27.103128,0.890186
DBTRG-05MG,GBM,nervous_system,glioma,27.915532,0.836186
OS-RC-2,KIRC,kidney,kidney,27.949876,0.898624
G-292-Clone-A141B1,UNCLASSIFIED,bone,osteosarcoma,29.581828,0.899144
AsPC-1,PAAD,pancreas,pancreas,29.956873,0.843334
OVKATE,OV,urogenital_system,ovary,32.101801,0.856554
EW-13,UNCLASSIFIED,bone,ewings_sarcoma,32.550634,0.928177
NCI-H1838,LUAD,lung,lung_NSCLC_adenocarcinoma,32.551747,0.868767
IST-MES1,MESO,lung,mesothelioma,32.818795,0.912366
SU8686,PAAD,pancreas,pancreas,33.909927,0.859344
H-EMC-SS,UNCLASSIFIED,bone,chondrosarcoma,34.226291,0.897699
SW684,UNCLASSIFIED,soft_tissue,fibrosarcoma,38.634493,0.898552
NCI-H2405,LUAD,lung,lung_NSCLC_adenocarcinoma,38.895055,0.839141
UACC-257,SKCM,skin,melanoma,39.049343,0.915941
D-392MG,GBM,nervous_system,glioma,44.739785,0.950405
VMRC-RCZ,KIRC,kidney,kidney,45.660797,0.879729
COLO-678,COREAD,digestive_system,large_intestine,47.785,0.859228
MCF7,BRCA,breast,breast,52.91294,0.928862
MFH-ino,UNCLASSIFIED,soft_tissue,soft_tissue_other,54.604818,0.926571
COLO-680N,ESCA,aero_digestive_tract,oesophagus,60.17339,0.917266
EFM-192A,BRCA,breast,breast,69.768104,0.954872
NCI-H2595,MESO,lung,mesothelioma,72.437906,0.929873
NCI-H441,LUAD,lung,lung_NSCLC_adenocarcinoma,78.806129,0.860549
NCI-H2722,MESO,lung,mesothelioma,89.842368,0.887531
CGTH-W-1,THCA,thyroid,thyroid,100.305647,0.968143
RO82-W-1,THCA,thyroid,thyroid,101.171547,0.892778
NCI-H2591,MESO,lung,mesothelioma,105.956584,0.908846
NCI-H2347,LUAD,lung,lung_NSCLC_adenocarcinoma,113.138708,0.896234
TT,THCA,thyroid,thyroid,136.689584,0.92148
BT-483,BRCA,breast,breast,149.220636,0.910331
ZR-75-30,BRCA,breast,breast,239.920881,0.95395
